dataset,split_type,model,accuracy_mean,accuracy_std,macro_f1_mean,macro_f1_std,fpr_mean,fpr_std
medbiot,ldo,autoencoder,0.8321111111111111,0.05341466487408779,0.8284191487369921,0.059666930982414,0.053811111111111115,0.0056611492747595995
medbiot,ldo,cnn,0.9579027777777779,0.013764188386695582,0.9578338021470277,0.013843822771237484,0.010172222222222223,0.00666975969915292
medbiot,ldo,ensemble,0.9861055555555556,0.01414291882101351,0.9860950381789328,0.014158614872462593,0.003211111111111111,0.0021543238176075365
medbiot,random,autoencoder,0.84855,0.0062222885661145895,0.8470203537680167,0.006403506864811615,0.051616666666666665,0.0029280255007996967
medbiot,random,cnn,0.9621749999999999,0.0005238081709939339,0.9621354440475397,0.0005216186873236622,0.005516666666666666,0.001927649691550136
medbiot,random,ensemble,0.9986833333333333,0.00040645827994187866,0.9986833329782187,0.000406458508061328,0.0008333333333333332,0.0003214550253664317
nbaiot,ldo,autoencoder,0.9560833333333334,0.049780978468765454,0.9407524934036025,0.06093535237971351,0.12404294464232299,0.12676064932754316
nbaiot,ldo,cnn,0.9966981481481482,0.007514127482506641,0.9960884794155431,0.008923393077566158,0.009242660403768992,0.023736157865331224
nbaiot,ldo,ensemble,0.9983314814814815,0.003675324374699377,0.9980886666235073,0.004262989471032727,0.004632077501481803,0.011515236154083498
nbaiot,random,autoencoder,0.9791583333333334,0.0003891764809611937,0.9768104478819,0.0004363020576105145,0.05074441093398437,0.0008566963554106459
nbaiot,random,cnn,0.9993666666666666,6.291528696062493e-05,0.9993022328832611,6.92909429896856e-05,0.001172866101776,8.29168848470335e-05
nbaiot,random,ensemble,0.9998916666666666,5.2041649986672035e-05,0.9998806675838886,5.732411108117026e-05,2.3936042893388866e-05,4.145844242349747e-05
