model,dataset,split_type,fold,random_state,train_rows,test_rows,train_benign,train_attack,test_benign,test_attack,accuracy,macro_f1,fpr
ensemble,nbaiot,random,random_split,42,160000,40000,55704,104296,13926,26074,0.99985,0.9998347702884021,7.18081286801666e-05
ensemble,nbaiot,random,random_split,43,160000,40000,55704,104296,13926,26074,0.999875,0.9998623108759075,0.0
ensemble,nbaiot,random,random_split,44,160000,40000,55704,104296,13926,26074,0.99995,0.9999449215873562,0.0
autoencoder,nbaiot,random,random_split,42,160000,40000,55704,104296,13926,26074,0.9792,0.9768591708575834,0.05048111446215712
autoencoder,nbaiot,random,random_split,43,160000,40000,55704,104296,13926,26074,0.97875,0.9763518295124711,0.05170185264971995
autoencoder,nbaiot,random,random_split,44,160000,40000,55704,104296,13926,26074,0.979525,0.977220343275645,0.05005026569007612
cnn,nbaiot,random,random_split,42,160000,40000,55704,104296,13926,26074,0.9993,0.9992287990050273,0.001220738187562832
cnn,nbaiot,random,random_split,43,160000,40000,55704,104296,13926,26074,0.999375,0.9993114392075897,0.001077121930202499
cnn,nbaiot,random,random_split,44,160000,40000,55704,104296,13926,26074,0.999425,0.9993664604371666,0.001220738187562832
ensemble,medbiot,random,random_split,42,160000,40000,80000,80000,20000,20000,0.998225,0.9982249994131405,0.0012
ensemble,medbiot,random,random_split,43,160000,40000,80000,80000,20000,20000,0.999,0.99899999991,0.0007
ensemble,medbiot,random,random_split,44,160000,40000,80000,80000,20000,20000,0.998825,0.9988249996115155,0.0006
autoencoder,medbiot,random,random_split,42,160000,40000,80000,80000,20000,20000,0.8415,0.8397753316559023,0.05475
autoencoder,medbiot,random,random_split,43,160000,40000,80000,80000,20000,20000,0.853275,0.8519223729772016,0.05115
autoencoder,medbiot,random,random_split,44,160000,40000,80000,80000,20000,20000,0.850875,0.8493633566709458,0.04895
cnn,medbiot,random,random_split,42,160000,40000,80000,80000,20000,20000,0.96275,0.9627088962538068,0.00405
cnn,medbiot,random,random_split,43,160000,40000,80000,80000,20000,20000,0.961725,0.9616891858776898,0.0077
cnn,medbiot,random,random_split,44,160000,40000,80000,80000,20000,20000,0.96205,0.9620082500111229,0.0048
ensemble,nbaiot,ldo,Danmini_Doorbell,42,160000,40000,56032,103968,13253,26747,0.99995,0.9999435811552528,0.0
ensemble,nbaiot,ldo,Danmini_Doorbell,43,160000,40000,56032,103968,13253,26747,0.9999,0.9998871666046436,0.0
ensemble,nbaiot,ldo,Danmini_Doorbell,44,160000,40000,56032,103968,13253,26747,0.99995,0.9999435811552528,0.0
autoencoder,nbaiot,ldo,Danmini_Doorbell,42,160000,40000,56032,103968,13253,26747,0.997475,0.9971463271102015,0.006866369878518071
autoencoder,nbaiot,ldo,Danmini_Doorbell,43,160000,40000,56032,103968,13253,26747,0.9973,0.9969494248536006,0.006564551422319475
autoencoder,nbaiot,ldo,Danmini_Doorbell,44,160000,40000,56032,103968,13253,26747,0.997,0.9966085214149616,0.008149098317362108
cnn,nbaiot,ldo,Danmini_Doorbell,42,160000,40000,56032,103968,13253,26747,0.9995,0.9994357041267965,0.0010563645966950878
cnn,nbaiot,ldo,Danmini_Doorbell,43,160000,40000,56032,103968,13253,26747,0.9995,0.9994357471115493,0.0009054553685957896
cnn,nbaiot,ldo,Danmini_Doorbell,44,160000,40000,56032,103968,13253,26747,0.9994,0.9993228449521557,0.0012072738247943862
ensemble,nbaiot,ldo,Ecobee_Thermostat,42,160000,40000,59020,100980,4637,35363,0.99995,0.9998780554398505,0.0
ensemble,nbaiot,ldo,Ecobee_Thermostat,43,160000,40000,59020,100980,4637,35363,0.999925,0.999817100290911,0.0
ensemble,nbaiot,ldo,Ecobee_Thermostat,44,160000,40000,59020,100980,4637,35363,0.999925,0.999817100290911,0.0
autoencoder,nbaiot,ldo,Ecobee_Thermostat,42,160000,40000,59020,100980,4637,35363,0.946925,0.8379681214643165,0.4526633599309899
autoencoder,nbaiot,ldo,Ecobee_Thermostat,43,160000,40000,59020,100980,4637,35363,0.942125,0.8188100946234148,0.4947164114729351
autoencoder,nbaiot,ldo,Ecobee_Thermostat,44,160000,40000,59020,100980,4637,35363,0.9552,0.8684576770540398,0.3825749406944145
cnn,nbaiot,ldo,Ecobee_Thermostat,42,160000,40000,59020,100980,4637,35363,0.99965,0.9991460681219032,0.0017252533965926246
cnn,nbaiot,ldo,Ecobee_Thermostat,43,160000,40000,59020,100980,4637,35363,0.999525,0.9988425022952914,0.0008626266982963123
cnn,nbaiot,ldo,Ecobee_Thermostat,44,160000,40000,59020,100980,4637,35363,0.9997,0.999268332639103,0.0010782833728703904
ensemble,nbaiot,ldo,Ennio_Doorbell,42,160000,40000,56907,103093,11244,28756,0.999725,0.9996598757749915,8.893632159373888e-05
ensemble,nbaiot,ldo,Ennio_Doorbell,43,160000,40000,56907,103093,11244,28756,0.999725,0.999659783686246,0.0005336179295624333
ensemble,nbaiot,ldo,Ennio_Doorbell,44,160000,40000,56907,103093,11244,28756,0.999825,0.9997835455961879,0.0
autoencoder,nbaiot,ldo,Ennio_Doorbell,42,160000,40000,56907,103093,11244,28756,0.968975,0.9603345969797965,0.10663464959089292
autoencoder,nbaiot,ldo,Ennio_Doorbell,43,160000,40000,56907,103093,11244,28756,0.963325,0.952796574467037,0.12655638562789043
autoencoder,nbaiot,ldo,Ennio_Doorbell,44,160000,40000,56907,103093,11244,28756,0.9634,0.9529088438735178,0.12593383137673425
cnn,nbaiot,ldo,Ennio_Doorbell,42,160000,40000,56907,103093,11244,28756,0.998125,0.9976794631118604,0.00400213447171825
cnn,nbaiot,ldo,Ennio_Doorbell,43,160000,40000,56907,103093,11244,28756,0.998175,0.997739872304132,0.004980434009249377
cnn,nbaiot,ldo,Ennio_Doorbell,44,160000,40000,56907,103093,11244,28756,0.99665,0.9958464139135761,0.0096051227321238
ensemble,nbaiot,ldo,Philips_B120N10_Baby_Monitor,42,160000,40000,51589,108411,20000,20000,0.997075,0.997074975822847,0.0058
ensemble,nbaiot,ldo,Philips_B120N10_Baby_Monitor,43,160000,40000,51589,108411,20000,20000,0.997725,0.9977249897269067,0.0044
ensemble,nbaiot,ldo,Philips_B120N10_Baby_Monitor,44,160000,40000,51589,108411,20000,20000,0.997425,0.997424984226419,0.00505
autoencoder,nbaiot,ldo,Philips_B120N10_Baby_Monitor,42,160000,40000,51589,108411,20000,20000,0.9441,0.9439282172246743,0.11125
autoencoder,nbaiot,ldo,Philips_B120N10_Baby_Monitor,43,160000,40000,51589,108411,20000,20000,0.946525,0.9463745080671985,0.10645
autoencoder,nbaiot,ldo,Philips_B120N10_Baby_Monitor,44,160000,40000,51589,108411,20000,20000,0.940275,0.9400644147854995,0.119
cnn,nbaiot,ldo,Philips_B120N10_Baby_Monitor,42,160000,40000,51589,108411,20000,20000,0.996275,0.9962749588173416,0.00705
cnn,nbaiot,ldo,Philips_B120N10_Baby_Monitor,43,160000,40000,51589,108411,20000,20000,0.9961,0.9960999535796975,0.00735
cnn,nbaiot,ldo,Philips_B120N10_Baby_Monitor,44,160000,40000,51589,108411,20000,20000,0.9982,0.9981999956754897,0.00335
ensemble,nbaiot,ldo,Provision_PT_737E_Security_Camera,42,160000,40000,54956,105044,15332,24668,0.9998,0.9997884980502059,0.0
ensemble,nbaiot,ldo,Provision_PT_737E_Security_Camera,43,160000,40000,54956,105044,15332,24668,0.99985,0.999841365711776,6.522306287503261e-05
ensemble,nbaiot,ldo,Provision_PT_737E_Security_Camera,44,160000,40000,54956,105044,15332,24668,0.999875,0.9998678031288846,6.522306287503261e-05
autoencoder,nbaiot,ldo,Provision_PT_737E_Security_Camera,42,160000,40000,54956,105044,15332,24668,0.971475,0.9698901426482927,0.032024523871641015
autoencoder,nbaiot,ldo,Provision_PT_737E_Security_Camera,43,160000,40000,54956,105044,15332,24668,0.968475,0.9667323132968566,0.03522045395251761
autoencoder,nbaiot,ldo,Provision_PT_737E_Security_Camera,44,160000,40000,54956,105044,15332,24668,0.9715,0.9698557645134862,0.03737281502739369
cnn,nbaiot,ldo,Provision_PT_737E_Security_Camera,42,160000,40000,54956,105044,15332,24668,0.998425,0.9983332884809358,0.0035872684581267937
cnn,nbaiot,ldo,Provision_PT_737E_Security_Camera,43,160000,40000,54956,105044,15332,24668,0.99855,0.9984664216637782,0.0019566918862509784
cnn,nbaiot,ldo,Provision_PT_737E_Security_Camera,44,160000,40000,54956,105044,15332,24668,0.998875,0.9988098458430413,0.002217584137751109
ensemble,nbaiot,ldo,Provision_PT_838_Security_Camera,42,160000,40000,51725,108275,19850,20150,0.99995,0.9999499971497126,0.00010075566750629723
ensemble,nbaiot,ldo,Provision_PT_838_Security_Camera,43,160000,40000,51725,108275,19850,20150,0.99985,0.9998499913354995,0.00025188916876574307
ensemble,nbaiot,ldo,Provision_PT_838_Security_Camera,44,160000,40000,51725,108275,19850,20150,0.999925,0.9999249958649752,0.0
autoencoder,nbaiot,ldo,Provision_PT_838_Security_Camera,42,160000,40000,51725,108275,19850,20150,0.893725,0.893103906908304,0.17632241813602015
autoencoder,nbaiot,ldo,Provision_PT_838_Security_Camera,43,160000,40000,51725,108275,19850,20150,0.7457,0.7444817137240693,0.17909319899244333
autoencoder,nbaiot,ldo,Provision_PT_838_Security_Camera,44,160000,40000,51725,108275,19850,20150,0.8954,0.8948974286698628,0.16750629722921914
cnn,nbaiot,ldo,Provision_PT_838_Security_Camera,42,160000,40000,51725,108275,19850,20150,0.999375,0.9993749607440189,0.001057934508816121
cnn,nbaiot,ldo,Provision_PT_838_Security_Camera,43,160000,40000,51725,108275,19850,20150,0.999375,0.9993749622160752,0.0009068010075566751
cnn,nbaiot,ldo,Provision_PT_838_Security_Camera,44,160000,40000,51725,108275,19850,20150,0.99945,0.9994499673885665,0.0007556675062972292
ensemble,nbaiot,ldo,Samsung_SNH_1011_N_Webcam,42,160000,40000,55811,104189,13710,26290,0.999925,0.9999167718041648,0.0
ensemble,nbaiot,ldo,Samsung_SNH_1011_N_Webcam,43,160000,40000,55811,104189,13710,26290,0.99995,0.9999445135680542,0.0
ensemble,nbaiot,ldo,Samsung_SNH_1011_N_Webcam,44,160000,40000,55811,104189,13710,26290,0.9999,0.9998890271361084,7.293946024799416e-05
autoencoder,nbaiot,ldo,Samsung_SNH_1011_N_Webcam,42,160000,40000,55811,104189,13710,26290,0.983275,0.981243894685335,0.04566010211524435
autoencoder,nbaiot,ldo,Samsung_SNH_1011_N_Webcam,43,160000,40000,55811,104189,13710,26290,0.984525,0.9826578385772914,0.04245076586433261
autoencoder,nbaiot,ldo,Samsung_SNH_1011_N_Webcam,44,160000,40000,55811,104189,13710,26290,0.98515,0.983368327231488,0.040335521517140774
cnn,nbaiot,ldo,Samsung_SNH_1011_N_Webcam,42,160000,40000,55811,104189,13710,26290,0.998825,0.9986958184350447,0.0020423048869438365
cnn,nbaiot,ldo,Samsung_SNH_1011_N_Webcam,43,160000,40000,55811,104189,13710,26290,0.999375,0.9993063832902813,0.0009482129832239242
cnn,nbaiot,ldo,Samsung_SNH_1011_N_Webcam,44,160000,40000,55811,104189,13710,26290,0.9995,0.999445155040549,0.0005835156819839533
ensemble,nbaiot,ldo,SimpleHome_XCS7_1002_WHT_Security_Camera,42,160000,40000,56281,103719,12712,27288,0.98925,0.987492000552586,0.03343297671491504
ensemble,nbaiot,ldo,SimpleHome_XCS7_1002_WHT_Security_Camera,43,160000,40000,56281,103719,12712,27288,0.988325,0.9864035558789044,0.03650094398993078
ensemble,nbaiot,ldo,SimpleHome_XCS7_1002_WHT_Security_Camera,44,160000,40000,56281,103719,12712,27288,0.9876,0.9855506895560524,0.03870358716173694
autoencoder,nbaiot,ldo,SimpleHome_XCS7_1002_WHT_Security_Camera,42,160000,40000,56281,103719,12712,27288,0.96625,0.9599241329995839,0.10486154814348647
autoencoder,nbaiot,ldo,SimpleHome_XCS7_1002_WHT_Security_Camera,43,160000,40000,56281,103719,12712,27288,0.96385,0.9569581357236249,0.1131214600377596
autoencoder,nbaiot,ldo,SimpleHome_XCS7_1002_WHT_Security_Camera,44,160000,40000,56281,103719,12712,27288,0.95475,0.9456465882611196,0.14175582127123978
cnn,nbaiot,ldo,SimpleHome_XCS7_1002_WHT_Security_Camera,42,160000,40000,56281,103719,12712,27288,0.989375,0.987641483558507,0.03264631843926998
cnn,nbaiot,ldo,SimpleHome_XCS7_1002_WHT_Security_Camera,43,160000,40000,56281,103719,12712,27288,0.9891,0.9873207874735521,0.03319697923222152
cnn,nbaiot,ldo,SimpleHome_XCS7_1002_WHT_Security_Camera,44,160000,40000,56281,103719,12712,27288,0.961675,0.9542624731264898,0.12035871617369415
ensemble,nbaiot,ldo,SimpleHome_XCS7_1003_WHT_Security_Camera,42,160000,40000,58506,101494,6535,33465,0.99985,0.9997257450724755,0.0
ensemble,nbaiot,ldo,SimpleHome_XCS7_1003_WHT_Security_Camera,43,160000,40000,58506,101494,6535,33465,0.99995,0.9999085591823991,0.0
ensemble,nbaiot,ldo,SimpleHome_XCS7_1003_WHT_Security_Camera,44,160000,40000,58506,101494,6535,33465,0.99985,0.9997257450724755,0.0
autoencoder,nbaiot,ldo,SimpleHome_XCS7_1003_WHT_Security_Camera,42,160000,40000,58506,101494,6535,33465,0.988,0.9774670868779562,0.06870696250956389
autoencoder,nbaiot,ldo,SimpleHome_XCS7_1003_WHT_Security_Camera,43,160000,40000,58506,101494,6535,33465,0.989025,0.9794379398564682,0.0628921193573068
autoencoder,nbaiot,ldo,SimpleHome_XCS7_1003_WHT_Security_Camera,44,160000,40000,58506,101494,6535,33465,0.990525,0.9823047860052698,0.05447589900535578
cnn,nbaiot,ldo,SimpleHome_XCS7_1003_WHT_Security_Camera,42,160000,40000,58506,101494,6535,33465,0.9995,0.999085704384154,0.001224177505738332
cnn,nbaiot,ldo,SimpleHome_XCS7_1003_WHT_Security_Camera,43,160000,40000,58506,101494,6535,33465,0.99915,0.9984443566980281,0.0033664881407804133
cnn,nbaiot,ldo,SimpleHome_XCS7_1003_WHT_Security_Camera,44,160000,40000,58506,101494,6535,33465,0.9995,0.9990854792277466,0.001530221882172915
ensemble,medbiot,ldo,fan,42,160000,40000,80000,80000,20000,20000,0.9947,0.9946999293898093,0.00165
ensemble,medbiot,ldo,fan,43,160000,40000,80000,80000,20000,20000,0.99455,0.9945499273914077,0.0018
ensemble,medbiot,ldo,fan,44,160000,40000,80000,80000,20000,20000,0.993775,0.9937749065263308,0.00235
autoencoder,medbiot,ldo,fan,42,160000,40000,80000,80000,20000,20000,0.8581,0.8569502919729978,0.05225
autoencoder,medbiot,ldo,fan,43,160000,40000,80000,80000,20000,20000,0.83545,0.8338559806340391,0.0666
autoencoder,medbiot,ldo,fan,44,160000,40000,80000,80000,20000,20000,0.842475,0.8406960196950537,0.05185
cnn,medbiot,ldo,fan,42,160000,40000,80000,80000,20000,20000,0.9685,0.9684871414932149,0.0113
cnn,medbiot,ldo,fan,43,160000,40000,80000,80000,20000,20000,0.9683,0.9682799363460375,0.00655
cnn,medbiot,ldo,fan,44,160000,40000,80000,80000,20000,20000,0.9673,0.9672781345132397,0.00685
ensemble,medbiot,ldo,light,42,160000,40000,80000,80000,20000,20000,0.9969,0.9968999813921383,0.00555
ensemble,medbiot,ldo,light,43,160000,40000,80000,80000,20000,20000,0.996725,0.9967249830497404,0.00555
ensemble,medbiot,ldo,light,44,160000,40000,80000,80000,20000,20000,0.99635,0.9963499614464677,0.0069
autoencoder,medbiot,ldo,light,42,160000,40000,80000,80000,20000,20000,0.871,0.8702465946369639,0.0528
autoencoder,medbiot,ldo,light,43,160000,40000,80000,80000,20000,20000,0.868075,0.8673322222161821,0.0571
autoencoder,medbiot,ldo,light,44,160000,40000,80000,80000,20000,20000,0.86885,0.868107112984151,0.0561
cnn,medbiot,ldo,light,42,160000,40000,80000,80000,20000,20000,0.969775,0.9697683556703145,0.0154
cnn,medbiot,ldo,light,43,160000,40000,80000,80000,20000,20000,0.968075,0.9680580659637069,0.0089
cnn,medbiot,ldo,light,44,160000,40000,80000,80000,20000,20000,0.958975,0.9589649174493949,0.02535
ensemble,medbiot,ldo,switch,42,160000,40000,80000,80000,20000,20000,0.966575,0.9665421693154405,0.0021
ensemble,medbiot,ldo,switch,43,160000,40000,80000,80000,20000,20000,0.9687,0.9686714270883616,0.0011
ensemble,medbiot,ldo,switch,44,160000,40000,80000,80000,20000,20000,0.966675,0.9666420580106987,0.0019
autoencoder,medbiot,ldo,switch,42,160000,40000,80000,80000,20000,20000,0.827475,0.8248280545747118,0.0496
autoencoder,medbiot,ldo,switch,43,160000,40000,80000,80000,20000,20000,0.818375,0.8152049423070624,0.05065
autoencoder,medbiot,ldo,switch,44,160000,40000,80000,80000,20000,20000,0.6992,0.678551119611767,0.04735
cnn,medbiot,ldo,switch,42,160000,40000,80000,80000,20000,20000,0.941625,0.9414779624662897,0.00825
cnn,medbiot,ldo,switch,43,160000,40000,80000,80000,20000,20000,0.938,0.9378021511306606,0.0056
cnn,medbiot,ldo,switch,44,160000,40000,80000,80000,20000,20000,0.940575,0.9403875542903907,0.00335
